page_name,page_link,search_keyword,phone,email
Cars,https://web.facebook.com/PixarCars/,cars,,
Pakistani cars,https://web.facebook.com/www.carwheell.comm/,cars,0346 9090108,
PremiumCars.pk,https://web.facebook.com/premiumcars.pk/,cars,0321 8416163,premiumcarspk@gmail.com
Car Core,https://web.facebook.com/carcoreofficial/,cars,0314 6123222,carcoreofficial@gmail.com
Car For Sale In Lahore,https://web.facebook.com/Car-For-Sale-In-Lahore-1442770665762856/,cars,,
Pakistan Underground,https://web.facebook.com/PakistanUnderground1/,cars,,jadkhan2550@gmail.com
Hafiz Sajjad Motors,https://web.facebook.com/sajjadmotors/,cars,0314 2222202,sajjad1183@gmail.com
Tariq Carz,https://web.facebook.com/tariqcarz/,cars,0322 9360000,riq6007@gmail.com
Car Singhar,https://web.facebook.com/carsinghar/,cars,0321 4900722,carsinghar@gmail.com
Car Castle Lahore,https://web.facebook.com/Car-Castle-Lahore-338814556771448/,cars,0300 8439798,
Z.A Cars Decoration & Rentals,https://web.facebook.com/Z.ACarsDecorationAndRentals/,cars,0322 4634784,jamshaidasgharg@gmail.com
OYLA,https://web.facebook.com/OYLAOne/,cars,0302 5265262,nfo@oylaone.com
Pasban cars,https://web.facebook.com/pasbancarsfaisalabad/,cars,0300 1234567,
Rent a Car in Lahore,https://web.facebook.com/LahoreCarRentService/,cars,0314 2565861,jimscardetailing@gmail.com
Used & Urgent Cars For Sale in Lahore,https://web.facebook.com/Used-Urgent-Cars-For-Sale-in-Lahore-201118780761201/,cars,,
Aisha auto care lahore,https://web.facebook.com/aishaautocare/,cars,0305 9101970,bdullah790079@yahoo.com
New and Used Cars from Japan,https://web.facebook.com/Japanesse.cars/,cars,0423-7523598-99,zahident_1@yahoo.com
Lahore rent a car,https://web.facebook.com/Lahore-rent-a-car-282613718781967/,cars,0324 4900966,
Car Care Pakistan,https://web.facebook.com/carcarelhr/,cars,0309 7771700,carcarepakistan@gmail.com
MyCar.inc,https://web.facebook.com/mycar.inc.pk/,cars,0345 8444568,ycar.inc786@gmail.com
Car City,https://web.facebook.com/carcitypk/,cars,0321 2272489,
Niaz Rent A Car,https://web.facebook.com/niazrentacar/,cars,0324 4435516,niaztoursandtravels@gmail.com
AH Car Rental & Tours Lahore,https://web.facebook.com/rentacarinlahore/,cars,0321 4442420,ssameehassan@hotmail.com
Japanese car club lahore,https://web.facebook.com/lahorejapanesecarclub/,cars,,
Rent A Car Lahore DHA,https://web.facebook.com/RentaCarLahoreDha/,cars,0312 4343400,nfo@rentacar-lahoredha.com
Lahore Rent A Car & Tourism,https://web.facebook.com/lahorerent/,cars,0300 8010263,
Bluelines Rent a Car Lahore,https://web.facebook.com/BlueLinesRentACar/,cars,0322 8466664,blue.lines@live.com
Lahore drag racing,https://web.facebook.com/autodealncpcarsofficial/,cars,0333 7853043,khan_asadkhan89@yahoo.com
Metro Motors,https://web.facebook.com/metromotorslahore/,cars,0321 5555562,
Car Mania Lahore,https://web.facebook.com/carmanialhr/,cars,0304 8323805,
Pakistan Auto Show,https://web.facebook.com/papspk/,cars,(021) 35113841,headoffice@paapam.com
Umair ali car poshish DHA,https://web.facebook.com/maliraza001/,cars,0321 9405490,customer@alicar.pk
Car Dream,https://web.facebook.com/Car-Dream-1393566337561728/,cars,0300 4233221,
PakWheels Auto Parts & Accessories,https://web.facebook.com/PWAutoParts/,cars,0316 7670125,shop@pakeventures.com
Carpartsonline,https://web.facebook.com/carpartsonlinepk/,cars,0324 8414839,carpartsonlinepk@gmail.com
Car Boulevard,https://web.facebook.com/CarBoulevard/,cars,0343 9646464,
Car Poshish,https://web.facebook.com/Carposhishpk/,cars,,carposhish@gmail.com
All New Honda Civic 2016,https://web.facebook.com/AllNewHondaCivicX/,cars,,ycivic2016@gmail.com
Carlay Car Rental,https://web.facebook.com/carlay.carrental/,cars,0300 3300449,nfo@carlaycarrental.com
Cars Collection,https://web.facebook.com/AppleCityofficial/,cars,0322 4662365,yyab.adnan98@gmail.com
Eman Car Care,https://web.facebook.com/emancarcare/,cars,(042) 37179999,corporation786@yahoo.com
Changan Bilal Automobiles,https://web.facebook.com/changanbilal/,cars,0345 4182665,changanbilalautomobiles@gmail.com
